id,first_name,last_name,email,gender,ip_address
1,Dolores,Pisco,dpisco0@howstuffworks.com,Female,34.185.6.81
2,Verile,Karchowski,vkarchowski1@apache.org,Female,32.86.131.13
3,Jordan,Klaiser,jklaiser2@addtoany.com,Male,133.212.188.33
4,Melody,Rosetti,mrosetti3@usa.gov,Female,47.33.139.96
5,Mathe,Megainey,mmegainey4@nhs.uk,Male,24.50.43.191
6,Dedie,Jeppe,djeppe5@shareasale.com,Female,165.226.165.243
7,Thatcher,Daly,tdaly6@oracle.com,Male,64.208.255.97
8,Edwina,Atterbury,eatterbury7@360.cn,Female,253.216.88.158
9,Garrard,Whightman,gwhightman8@cdbaby.com,Male,187.170.228.46
10,Reina,Bradley,rbradley9@newyorker.com,Female,0.39.50.155
11,Eduard,Hanhart,ehanharta@vkontakte.ru,Male,209.255.161.198
12,Meagan,Mateescu,mmateescub@stanford.edu,Female,70.255.193.247
13,Veriee,MacGettigen,vmacgettigenc@topsy.com,Female,142.47.72.140
14,Archibald,Rolling,arollingd@vistaprint.com,Male,141.168.250.185
15,Kissee,Norcliff,knorcliffe@naver.com,Female,140.117.57.69
16,Aretha,Hovert,ahovertf@china.com.cn,Female,130.60.196.179
17,Margy,Minogue,mminogueg@boston.com,Female,211.198.18.50
18,Mag,Wickes,mwickesh@alexa.com,Female,61.59.30.10
19,Sisile,Pettigrew,spettigrewi@studiopress.com,Female,35.203.212.207
20,Fred,Sloy,fsloyj@dropbox.com,Male,188.142.57.187
21,Izak,Vasovic,ivasovick@topsy.com,Male,84.172.194.219
22,Norby,Harlowe,nharlowel@about.com,Male,4.73.251.154
23,Pammy,Dive,pdivem@sphinn.com,Female,95.74.172.124
24,Hewitt,Lochhead,hlochheadn@apple.com,Male,178.195.221.12
25,Eugenius,Round,eroundo@nih.gov,Male,150.110.64.79
26,Ashil,Gianasi,agianasip@diigo.com,Female,66.229.160.57
27,Nealy,D'Ambrosio,ndambrosioq@qq.com,Male,185.6.227.94
28,Des,Mullender,dmullenderr@cam.ac.uk,Male,84.91.211.117
29,Clim,Gibbons,cgibbonss@theglobeandmail.com,Male,99.106.67.219
30,Dahlia,Scading,dscadingt@flickr.com,Female,77.148.221.128
31,Celia,Mahon,cmahonu@google.com.hk,Female,155.21.198.42
32,Bebe,Ateggart,bateggartv@foxnews.com,Female,195.231.248.220
33,Catie,Antoniottii,cantoniottiiw@google.it,Female,227.232.54.150
34,Shaine,Sondland,ssondlandx@earthlink.net,Female,86.222.175.8
35,Shandie,Petrollo,spetrolloy@ft.com,Female,107.236.36.37
36,Twila,Maxted,tmaxtedz@buzzfeed.com,Female,89.122.92.220
37,Leoine,Skelding,lskelding10@comsenz.com,Female,26.143.134.195
38,Danny,McEwen,dmcewen11@apple.com,Male,220.225.185.153
39,Lauren,Hirsch,lhirsch12@multiply.com,Female,32.42.7.197
40,Mack,Ellsbury,mellsbury13@harvard.edu,Male,227.198.236.140
41,Frasquito,Valens-Smith,fvalenssmith14@ebay.co.uk,Male,189.112.204.229
42,Erich,Pardey,epardey15@tumblr.com,Male,118.242.213.243
43,Chen,Bensen,cbensen16@e-recht24.de,Male,199.253.172.107
44,Marybelle,McCaughey,mmccaughey17@tuttocitta.it,Female,54.185.230.136
45,Elenore,Scherme,escherme18@hp.com,Female,63.227.144.137
46,Berkley,Moncrefe,bmoncrefe19@discuz.net,Male,172.2.48.113
47,Garrot,Connow,gconnow1a@quantcast.com,Male,182.13.136.135
48,Edgard,Hanbury,ehanbury1b@ezinearticles.com,Male,196.5.236.159
49,Dukie,Trevino,dtrevino1c@washington.edu,Male,151.49.106.182
50,Patrice,Gimbart,pgimbart1d@engadget.com,Female,9.214.163.235
51,Aimee,Seckington,aseckington1e@creativecommons.org,Female,145.118.106.52
52,Myrna,McIlory,mmcilory1f@joomla.org,Female,125.59.162.127
53,Rochester,Titlow,rtitlow1g@facebook.com,Male,218.28.154.117
54,Reeba,Glisane,rglisane1h@myspace.com,Female,244.81.74.115
55,Anselm,Streatfeild,astreatfeild1i@weather.com,Male,241.154.192.21
56,Ariela,France,afrance1j@si.edu,Female,156.229.28.87
57,Robena,Papen,rpapen1k@google.fr,Female,129.44.153.87
58,Bartholomew,Harlick,bharlick1l@tripod.com,Male,219.76.51.110
59,Sheilah,Abbyss,sabbyss1m@webs.com,Female,71.51.164.145
60,Cordie,Bruyet,cbruyet1n@mail.ru,Female,162.50.237.207
61,Tildie,Kilshaw,tkilshaw1o@mediafire.com,Female,53.26.81.34
62,Alexandros,Bilsland,abilsland1p@biblegateway.com,Male,210.221.243.207
63,Ashlen,Bulfoot,abulfoot1q@aboutads.info,Female,51.138.79.102
64,Ryun,Wards,rwards1r@godaddy.com,Male,47.167.54.191
65,Ilise,Ancell,iancell1s@yandex.ru,Female,138.212.79.19
66,Cole,Roseburgh,croseburgh1t@ucoz.ru,Male,172.214.176.38
67,Siegfried,Ipgrave,sipgrave1u@hhs.gov,Male,23.55.150.11
68,Lowell,MacGregor,lmacgregor1v@multiply.com,Male,210.218.106.88
69,Durand,De La Salle,ddelasalle1w@ox.ac.uk,Male,191.172.218.214
70,Garfield,McBain,gmcbain1x@homestead.com,Male,21.177.41.168
71,Vanna,Bresson,vbresson1y@earthlink.net,Female,249.224.178.53
72,Geoffrey,Tolworthy,gtolworthy1z@yolasite.com,Male,133.171.202.132
73,Alisa,Anear,aanear20@prnewswire.com,Female,220.73.80.244
74,Towny,Mincini,tmincini21@google.com,Male,36.24.81.109
75,De witt,Lange,dlange22@businessinsider.com,Male,145.202.26.254
76,Janek,McMurrugh,jmcmurrugh23@economist.com,Male,27.108.106.75
77,Cathlene,Benfield,cbenfield24@phoca.cz,Female,243.250.160.87
78,Bobinette,Copcutt,bcopcutt25@jimdo.com,Female,5.103.47.219
79,Clyde,Kamien,ckamien26@com.com,Male,74.33.226.246
80,Prent,Sweeten,psweeten27@csmonitor.com,Male,94.165.248.253
81,Giorgi,Durnall,gdurnall28@bloomberg.com,Male,139.24.40.105
82,Mufinella,Renzullo,mrenzullo29@vk.com,Female,11.119.198.233
83,Christy,Berford,cberford2a@photobucket.com,Female,110.38.214.126
84,Elton,Kochlin,ekochlin2b@wikia.com,Male,153.244.117.102
85,Vallie,Cabrera,vcabrera2c@themeforest.net,Female,20.20.254.147
86,Mitch,Jevons,mjevons2d@yale.edu,Male,37.86.38.79
87,Libbi,Jagiello,ljagiello2e@home.pl,Female,136.245.193.125
88,Domenico,Noblett,dnoblett2f@google.com.hk,Male,66.124.161.229
89,Trumaine,Furze,tfurze2g@opensource.org,Male,8.220.233.16
90,Neddie,Ropert,nropert2h@free.fr,Male,195.215.61.38
91,Zorina,Brand,zbrand2i@harvard.edu,Female,137.205.5.160
92,Hastie,Jaffra,hjaffra2j@wunderground.com,Male,75.150.161.96
93,Torrence,Nye,tnye2k@google.co.uk,Male,1.76.52.18
94,Zed,Bushill,zbushill2l@statcounter.com,Male,36.255.240.155
95,Jeff,Cheake,jcheake2m@moonfruit.com,Male,111.51.107.95
96,Cayla,Bosley,cbosley2n@answers.com,Female,111.152.109.55
97,Justis,Canfield,jcanfield2o@aboutads.info,Male,176.231.92.172
98,Grazia,Portinari,gportinari2p@omniture.com,Female,138.36.242.172
99,Bobette,Trayford,btrayford2q@liveinternet.ru,Female,211.34.60.34
100,Merrile,Carratt,mcarratt2r@linkedin.com,Female,86.92.63.198
101,Broddie,Mc Ilwrick,bmcilwrick2s@dedecms.com,Male,35.4.47.168
102,Saxon,Sarjeant,ssarjeant2t@harvard.edu,Male,87.210.64.159
103,Gabby,Clowney,gclowney2u@tripadvisor.com,Male,129.167.251.74
104,Allison,Shoobridge,ashoobridge2v@deviantart.com,Female,139.104.113.22
105,Noellyn,Matussov,nmatussov2w@cnbc.com,Female,237.218.103.90
106,Town,Mudie,tmudie2x@umich.edu,Male,254.244.88.200
107,Sammy,Mangham,smangham2y@go.com,Male,132.106.99.30
108,Valina,Vannozzii,vvannozzii2z@github.com,Female,239.219.189.210
109,Judon,Gerhardt,jgerhardt30@icq.com,Male,148.135.150.163
110,Zonnya,Dullaghan,zdullaghan31@china.com.cn,Female,150.70.86.223
111,Nata,Fetterplace,nfetterplace32@google.co.uk,Female,35.86.82.122
112,Vincenty,Presswell,vpresswell33@webs.com,Male,229.88.119.110
113,Shanta,Gillino,sgillino34@gizmodo.com,Female,203.187.204.109
114,Kevan,Cossey,kcossey35@marketwatch.com,Male,37.244.178.115
115,Kennett,Dahlborg,kdahlborg36@redcross.org,Male,44.219.221.101
116,Wyatan,Labern,wlabern37@drupal.org,Male,95.178.57.177
117,Robert,Hovie,rhovie38@npr.org,Male,240.24.70.196
118,Dani,Crates,dcrates39@google.fr,Female,28.13.239.185
119,Rufus,Coulthurst,rcoulthurst3a@tinyurl.com,Male,105.95.33.83
120,Dan,Shippam,dshippam3b@infoseek.co.jp,Male,168.104.72.53
121,Obediah,Tourot,otourot3c@canalblog.com,Male,253.147.168.133
122,Cazzie,Drewe,cdrewe3d@mysql.com,Male,237.89.95.32
123,Maryl,Shera,mshera3e@ihg.com,Female,181.240.88.162
124,Libbey,Ander,lander3f@wufoo.com,Female,227.47.209.74
125,Roxana,Belderfield,rbelderfield3g@alexa.com,Female,164.231.6.116
126,Anselma,Dunkersley,adunkersley3h@sun.com,Female,63.34.33.148
127,Wilmette,Moriarty,wmoriarty3i@bizjournals.com,Female,172.114.250.214
128,Wells,Roostan,wroostan3j@buzzfeed.com,Male,25.234.50.150
129,Rhea,Clemenson,rclemenson3k@i2i.jp,Female,165.145.179.126
130,Irma,Nelm,inelm3l@cnet.com,Female,127.59.58.125
131,Wang,Duckworth,wduckworth3m@wikipedia.org,Male,171.39.145.65
132,Mitchael,Waliszewski,mwaliszewski3n@cdbaby.com,Male,58.173.219.244
133,Ivar,Raith,iraith3o@census.gov,Male,235.91.95.125
134,Olenolin,Showt,oshowt3p@chronoengine.com,Male,83.250.142.68
135,Joceline,Sowood,jsowood3q@arstechnica.com,Female,156.243.1.209
136,Xena,Pickover,xpickover3r@smugmug.com,Female,169.245.221.27
137,Tanner,Dudill,tdudill3s@harvard.edu,Male,5.178.6.22
138,Berny,Berger,bberger3t@princeton.edu,Female,1.7.201.90
139,Ondrea,Horder,ohorder3u@webmd.com,Female,35.186.160.62
140,Olly,Brodeau,obrodeau3v@google.de,Male,50.173.88.206
141,Skipp,Keoghan,skeoghan3w@hao123.com,Male,251.237.231.19
142,Husain,Luebbert,hluebbert3x@deliciousdays.com,Male,152.2.41.204
143,Oralle,Gopsell,ogopsell3y@nydailynews.com,Female,95.114.234.118
144,Munmro,Taleworth,mtaleworth3z@ftc.gov,Male,88.8.229.92
145,Shelba,Ivakhno,sivakhno40@g.co,Female,197.145.100.136
146,Renado,Sprigin,rsprigin41@unesco.org,Male,111.58.132.141
147,Isacco,Altree,ialtree42@plala.or.jp,Male,201.106.56.57
148,Desi,Drowsfield,ddrowsfield43@globo.com,Male,149.89.86.41
149,Maurizia,Phillipson,mphillipson44@seesaa.net,Female,72.32.107.12
150,Barb,St Pierre,bstpierre45@unicef.org,Female,201.30.51.58
151,Reynard,De Malchar,rdemalchar46@sina.com.cn,Male,79.156.43.173
152,Chiquia,Yexley,cyexley47@springer.com,Female,201.166.160.214
153,Billie,Walker,bwalker48@scientificamerican.com,Female,22.162.192.89
154,Estel,Pessold,epessold49@icq.com,Female,31.185.163.60
155,Elnora,Mizen,emizen4a@friendfeed.com,Female,247.92.215.58
156,Emmy,Apfel,eapfel4b@gnu.org,Male,45.242.123.194
157,Chariot,Seleway,cseleway4c@yandex.ru,Male,129.176.109.203
158,Ward,Milliken,wmilliken4d@chicagotribune.com,Male,5.94.13.76
159,Bryon,Dike,bdike4e@mashable.com,Male,79.209.16.84
160,Codee,Pollie,cpollie4f@google.com.br,Female,187.254.41.76
161,Zola,Tolworthy,ztolworthy4g@hud.gov,Female,224.191.65.219
162,Betsey,Maywood,bmaywood4h@cbslocal.com,Female,70.91.247.181
163,Gabbey,Cicculini,gcicculini4i@php.net,Female,95.234.252.46
164,Tymothy,Sirmon,tsirmon4j@exblog.jp,Male,72.175.136.218
165,Lottie,Pesak,lpesak4k@alibaba.com,Female,117.204.147.216
166,Rozele,Mixon,rmixon4l@opera.com,Female,122.23.194.23
167,Marleen,Chilcott,mchilcott4m@nsw.gov.au,Female,215.142.48.21
168,Sanson,Jonke,sjonke4n@1und1.de,Male,34.110.163.35
169,Marna,Dunsford,mdunsford4o@sun.com,Female,71.203.238.101
170,Vinnie,Aldam,valdam4p@ftc.gov,Female,223.236.201.213
171,Othello,Gower,ogower4q@cloudflare.com,Male,67.141.129.96
172,Anett,Trevillion,atrevillion4r@discovery.com,Female,99.151.253.74
173,Terri,Gainfort,tgainfort4s@netvibes.com,Female,31.109.252.156
174,Brandi,Lucy,blucy4t@symantec.com,Female,145.158.111.194
175,Michelina,Herculson,mherculson4u@hp.com,Female,5.122.251.100
176,Boot,Molyneux,bmolyneux4v@theglobeandmail.com,Male,71.2.15.55
177,Judas,Dwerryhouse,jdwerryhouse4w@discovery.com,Male,78.234.136.228
178,Amalie,Peert,apeert4x@jalbum.net,Female,63.216.4.94
179,Theodosia,Enrigo,tenrigo4y@craigslist.org,Female,9.101.128.209
180,Miquela,Pomeroy,mpomeroy4z@shareasale.com,Female,242.92.27.91
181,Phillida,Licciardello,plicciardello50@1688.com,Female,3.176.119.224
182,Chaddy,Twitching,ctwitching51@springer.com,Male,154.84.68.93
183,Jodie,Bayles,jbayles52@sogou.com,Male,190.119.169.47
184,Isahella,Sherrin,isherrin53@zimbio.com,Female,247.20.68.225
185,Parry,Lammas,plammas54@blogtalkradio.com,Male,96.210.232.61
186,Francyne,Sidnell,fsidnell55@cisco.com,Female,143.159.211.117
187,Samuele,Emor,semor56@163.com,Male,221.206.207.145
188,Stoddard,Wasson,swasson57@4shared.com,Female,25.161.235.143
189,Broddy,Mangon,bmangon58@va.gov,Male,56.207.60.251
190,Ferris,Yokelman,fyokelman59@mapquest.com,Male,167.228.153.147
191,Vincenty,Sedger,vsedger5a@indiatimes.com,Male,252.216.151.158
192,Lezlie,Mathers,lmathers5b@youtube.com,Female,28.149.65.190
193,Jemmy,Heatherington,jheatherington5c@whitehouse.gov,Female,156.68.157.150
194,Norine,Spering,nspering5d@time.com,Female,235.198.163.147
195,Corrianne,Doylend,cdoylend5e@newyorker.com,Female,98.20.238.132
196,Sayre,Jaynes,sjaynes5f@ihg.com,Male,51.239.159.235
197,Margarethe,Stepto,mstepto5g@hp.com,Female,227.134.56.188
198,Nil,Morcombe,nmorcombe5h@nature.com,Male,192.71.224.225
199,Noam,Burditt,nburditt5i@delicious.com,Male,117.9.78.214
200,Walden,Saddler,wsaddler5j@jiathis.com,Male,201.190.196.127
201,Pernell,Marini,pmarini5k@people.com.cn,Male,47.50.83.14
202,Ekaterina,Grainger,egrainger5l@xinhuanet.com,Female,140.147.154.200
203,Janek,Josipovic,jjosipovic5m@purevolume.com,Male,124.129.83.234
204,Hilary,Ratt,hratt5n@mlb.com,Male,193.152.216.6
205,Farica,Meatcher,fmeatcher5o@ibm.com,Female,124.134.211.153
206,Rollo,Murdie,rmurdie5p@unicef.org,Male,89.117.112.161
207,Killian,Jekyll,kjekyll5q@wunderground.com,Male,185.109.157.227
208,Lyn,Duplain,lduplain5r@yellowpages.com,Male,228.36.216.78
209,Brett,Tenbrug,btenbrug5s@dion.ne.jp,Male,103.245.237.177
210,Denis,Dalgardno,ddalgardno5t@360.cn,Male,85.214.124.210
211,Mayne,Goodinson,mgoodinson5u@miitbeian.gov.cn,Male,224.161.214.48
212,Gwendolyn,Enston,genston5v@mlb.com,Female,230.84.28.207
213,Akim,Alecock,aalecock5w@fda.gov,Male,130.150.189.33
214,Bryce,Madden,bmadden5x@facebook.com,Male,50.11.139.2
215,Hilarius,Quelch,hquelch5y@jugem.jp,Male,214.221.36.242
216,Artair,Rottenbury,arottenbury5z@addtoany.com,Male,178.62.194.66
217,Aimil,Treverton,atreverton60@gnu.org,Female,100.12.109.68
218,Xenia,Pilmer,xpilmer61@geocities.com,Female,210.126.157.178
219,Kevina,Renard,krenard62@google.co.jp,Female,63.58.167.160
220,Etienne,Tooher,etooher63@geocities.com,Male,243.56.196.238
221,Austen,Sizland,asizland64@tinyurl.com,Male,98.152.168.164
222,Amye,Simonini,asimonini65@howstuffworks.com,Female,94.119.248.227
223,Ketty,Tofanini,ktofanini66@delicious.com,Female,26.18.5.128
224,Lorettalorna,Knightly,lknightly67@hibu.com,Female,173.200.30.44
225,Yetta,Calloway,ycalloway68@imageshack.us,Female,136.240.227.99
226,Randie,Ruzicka,rruzicka69@bigcartel.com,Female,76.85.170.190
227,Demetre,Bemment,dbemment6a@gmpg.org,Male,11.86.181.228
228,Reina,Lindsell,rlindsell6b@epa.gov,Female,45.213.143.214
229,Buddy,Gerrietz,bgerrietz6c@cloudflare.com,Male,82.1.9.47
230,Freddie,Prin,fprin6d@ezinearticles.com,Male,28.210.133.159
231,Leena,Linstead,llinstead6e@mayoclinic.com,Female,129.115.101.250
232,Alvera,Mebes,amebes6f@yahoo.co.jp,Female,21.211.111.49
233,Ana,Taylerson,ataylerson6g@cbsnews.com,Female,170.194.9.227
234,Rriocard,Wisher,rwisher6h@mozilla.org,Male,223.10.129.107
235,Eartha,Fumagallo,efumagallo6i@nbcnews.com,Female,108.48.187.44
236,Gizela,Purver,gpurver6j@weather.com,Female,58.229.195.157
237,Rouvin,Quinby,rquinby6k@is.gd,Male,152.87.6.91
238,Larina,Gittus,lgittus6l@elegantthemes.com,Female,79.189.177.26
239,Leelah,Scamal,lscamal6m@ucoz.com,Female,108.173.2.153
240,Mahala,Proctor,mproctor6n@shutterfly.com,Female,255.124.230.147
241,Jeramey,Maughan,jmaughan6o@cbslocal.com,Male,42.160.160.225
242,Read,Tennison,rtennison6p@aol.com,Male,24.253.8.9
243,Beatrice,Duff,bduff6q@goo.ne.jp,Female,212.193.232.175
244,Seana,Mecozzi,smecozzi6r@furl.net,Female,107.198.78.249
245,Charmane,Bastian,cbastian6s@columbia.edu,Female,243.170.165.219
246,Caressa,Stowgill,cstowgill6t@soup.io,Female,164.111.207.159
247,Papageno,Brownlea,pbrownlea6u@yahoo.com,Male,63.18.248.229
248,Lacy,Brede,lbrede6v@usa.gov,Female,123.128.170.106
249,Hieronymus,Melchior,hmelchior6w@senate.gov,Male,94.70.96.120
250,Cos,Fobidge,cfobidge6x@instagram.com,Male,60.225.109.184
251,Benedict,Smitton,bsmitton6y@woothemes.com,Male,229.149.234.183
252,Iain,Dalloway,idalloway6z@amazon.co.jp,Male,127.94.205.230
253,Shina,Maplethorp,smaplethorp70@eepurl.com,Female,52.6.75.152
254,Ruby,Esseby,resseby71@sfgate.com,Male,39.12.251.178
255,Gasper,Walbrun,gwalbrun72@unc.edu,Male,191.210.19.123
256,Jermayne,Tilling,jtilling73@microsoft.com,Male,251.152.102.59
257,Letisha,Jorger,ljorger74@quantcast.com,Female,253.255.239.185
258,Bill,Van Salzberger,bvansalzberger75@mtv.com,Female,166.18.235.37
259,Gelya,Joe,gjoe76@cnet.com,Female,65.245.63.120
260,Morry,Santostefano.,msantostefano77@privacy.gov.au,Male,60.216.237.185
261,Blayne,Covelle,bcovelle78@seesaa.net,Male,71.225.123.3
262,Rivi,Grindley,rgrindley79@twitpic.com,Female,151.87.82.19
263,Moritz,Senton,msenton7a@1und1.de,Male,228.220.25.182
264,Meggi,Touret,mtouret7b@hibu.com,Female,232.172.149.123
265,Ingram,Diddams,ididdams7c@wp.com,Male,140.93.228.161
266,Florella,Loveredge,floveredge7d@sitemeter.com,Female,133.23.214.150
267,Ingrim,Renol,irenol7e@bloglines.com,Male,160.146.137.254
268,Don,Dunguy,ddunguy7f@pbs.org,Male,45.15.219.196
269,Charlotte,Nannoni,cnannoni7g@slate.com,Female,96.68.132.119
270,Kalli,Dimmick,kdimmick7h@engadget.com,Female,228.0.85.218
271,Delcina,Strewthers,dstrewthers7i@usgs.gov,Female,239.17.247.30
272,Dehlia,Kilmartin,dkilmartin7j@squarespace.com,Female,185.93.102.242
273,Ezmeralda,Boynton,eboynton7k@freewebs.com,Female,102.207.101.211
274,Dov,Urch,durch7l@shinystat.com,Male,210.128.79.11
275,Artie,Lowder,alowder7m@amazon.de,Male,76.37.93.201
276,Charmaine,Bletso,cbletso7n@webnode.com,Female,231.55.74.242
277,Leah,Tomasini,ltomasini7o@cyberchimps.com,Female,208.26.120.39
278,Roosevelt,Kingscote,rkingscote7p@desdev.cn,Male,164.101.209.228
279,Delora,Moine,dmoine7q@yandex.ru,Female,219.149.35.47
280,Lin,Chown,lchown7r@hexun.com,Female,170.140.136.18
281,Helge,Duester,hduester7s@csmonitor.com,Female,211.15.99.50
282,Sebastian,Eggar,seggar7t@hibu.com,Male,182.243.84.206
283,Bren,Vickar,bvickar7u@live.com,Female,77.223.6.235
284,Mandy,Thompsett,mthompsett7v@timesonline.co.uk,Female,81.9.63.75
285,Randi,Dellar,rdellar7w@topsy.com,Female,86.70.97.116
286,Dorisa,Mouget,dmouget7x@slate.com,Female,32.236.125.2
287,Clevie,Plumb,cplumb7y@php.net,Male,72.58.141.208
288,Osbourne,Carlino,ocarlino7z@unicef.org,Male,102.127.231.239
289,Anne-corinne,Dunnet,adunnet80@bbb.org,Female,52.142.117.122
290,Page,Bamforth,pbamforth81@netlog.com,Male,73.50.187.211
291,Amabelle,Lissemore,alissemore82@freewebs.com,Female,194.142.11.195
292,Tabina,Vasishchev,tvasishchev83@webnode.com,Female,244.73.218.142
293,Diann,Tribbeck,dtribbeck84@google.cn,Female,211.248.222.154
294,Margette,Asp,masp85@narod.ru,Female,134.146.110.189
295,Dniren,Dallander,ddallander86@marriott.com,Female,208.7.203.192
296,Reinhold,Delnevo,rdelnevo87@google.com,Male,220.227.47.249
297,Silvia,Rodda,srodda88@digg.com,Female,85.125.13.25
298,Adelice,Caddock,acaddock89@comcast.net,Female,52.106.118.249
299,Shep,Szreter,sszreter8a@ask.com,Male,216.30.31.114
300,Freddi,Peckitt,fpeckitt8b@earthlink.net,Female,90.184.206.160
301,Gaven,Saggs,gsaggs8c@microsoft.com,Male,119.106.104.54
302,Hastings,Gerin,hgerin8d@tiny.cc,Male,144.172.254.210
303,Jordana,Sleightholme,jsleightholme8e@usa.gov,Female,117.98.2.154
304,Hanny,Gosswell,hgosswell8f@bloglines.com,Female,231.193.168.32
305,Hollis,Duguid,hduguid8g@jigsy.com,Male,139.71.156.23
306,Trumaine,Brayfield,tbrayfield8h@berkeley.edu,Male,46.68.81.174
307,Quinn,Chattington,qchattington8i@zimbio.com,Female,146.79.97.168
308,Read,Learoid,rlearoid8j@stumbleupon.com,Male,34.58.15.112
309,Nicolina,Fandrich,nfandrich8k@admin.ch,Female,245.124.249.33
310,Jarvis,Dodman,jdodman8l@google.co.uk,Male,143.20.20.190
311,Gaby,Constable,gconstable8m@privacy.gov.au,Male,36.95.128.147
312,Thomasa,Jansey,tjansey8n@cdc.gov,Female,211.60.245.62
313,Ennis,Menel,emenel8o@nbcnews.com,Male,224.252.132.180
314,Caria,Creggan,ccreggan8p@artisteer.com,Female,144.23.255.208
315,Carma,Bortolutti,cbortolutti8q@nih.gov,Female,178.34.26.7
316,Janos,Pinkett,jpinkett8r@quantcast.com,Male,119.157.119.110
317,Jeanne,Weddeburn,jweddeburn8s@tamu.edu,Female,138.138.249.146
318,Laetitia,Kiggel,lkiggel8t@ehow.com,Female,112.95.36.207
319,Gates,McBeath,gmcbeath8u@yahoo.co.jp,Female,80.106.251.198
320,Jodee,Hadlington,jhadlington8v@utexas.edu,Female,93.248.210.187
321,Chane,Dosedale,cdosedale8w@statcounter.com,Male,232.32.4.249
322,Bengt,Hawksley,bhawksley8x@blog.com,Male,98.23.227.108
323,Meridith,Heintz,mheintz8y@amazon.de,Female,17.50.165.183
324,Benito,Collishaw,bcollishaw8z@istockphoto.com,Male,101.24.84.124
325,Martina,Mewett,mmewett90@sogou.com,Female,73.90.130.120
326,Catriona,Maplethorp,cmaplethorp91@networksolutions.com,Female,120.11.95.22
327,Erek,Bentson,ebentson92@illinois.edu,Male,251.147.116.133
328,Aristotle,Wonfor,awonfor93@123-reg.co.uk,Male,141.181.55.84
329,Lotta,Heggs,lheggs94@craigslist.org,Female,146.28.236.161
330,Latrena,McCullock,lmccullock95@paginegialle.it,Female,145.98.179.233
331,Sheelah,Randalston,srandalston96@yolasite.com,Female,143.221.239.181
332,Shay,Farfolomeev,sfarfolomeev97@arstechnica.com,Female,144.225.48.115
333,Corrie,Persian,cpersian98@mac.com,Male,159.30.80.64
334,Padraig,Baggott,pbaggott99@ibm.com,Male,17.119.219.240
335,Belva,Pakeman,bpakeman9a@narod.ru,Female,82.176.245.132
336,Diena,Seamarke,dseamarke9b@parallels.com,Female,192.186.153.107
337,Claus,Theurer,ctheurer9c@wunderground.com,Male,77.135.178.173
338,Emmalyn,Algar,ealgar9d@feedburner.com,Female,105.199.42.220
339,Camila,Kaygill,ckaygill9e@fc2.com,Female,108.22.243.46
340,Artemas,Liell,aliell9f@arstechnica.com,Male,36.175.136.244
341,Ninnette,Teasell,nteasell9g@xing.com,Female,215.221.57.251
342,Chrotoem,Ziehms,cziehms9h@drupal.org,Male,195.5.68.200
343,Ingeberg,Butte,ibutte9i@lycos.com,Female,199.152.112.111
344,Corbet,Verlander,cverlander9j@cornell.edu,Male,20.62.71.246
345,Bastian,Winwright,bwinwright9k@abc.net.au,Male,57.152.221.80
346,Quentin,Ripper,qripper9l@msn.com,Female,113.198.104.241
347,Darleen,Pyke,dpyke9m@yellowpages.com,Female,122.208.148.95
348,Manda,Langland,mlangland9n@1688.com,Female,203.134.227.104
349,Karlan,Bertelet,kbertelet9o@technorati.com,Male,11.216.180.241
350,Maximo,Braga,mbraga9p@boston.com,Male,177.185.75.236
351,Marji,Bayfield,mbayfield9q@google.cn,Female,178.183.22.254
352,Jesus,Alvin,jalvin9r@amazon.co.jp,Male,19.87.234.150
353,Shane,Yellowley,syellowley9s@nhs.uk,Female,17.127.252.128
354,Edie,Covendon,ecovendon9t@addtoany.com,Female,201.198.115.49
355,Nahum,Pash,npash9u@usnews.com,Male,206.182.61.234
356,Bear,Loft,bloft9v@oracle.com,Male,138.220.165.113
357,Casar,Tobin,ctobin9w@amazon.co.jp,Male,155.182.228.157
358,Mac,Ludlamme,mludlamme9x@dyndns.org,Male,171.52.45.111
359,Corene,Garmons,cgarmons9y@ibm.com,Female,58.231.216.172
360,Adelind,Blacker,ablacker9z@va.gov,Female,93.48.120.250
361,Putnam,Raiston,praistona0@mtv.com,Male,44.75.89.101
362,Jacki,Rosendorf,jrosendorfa1@admin.ch,Female,163.102.30.39
363,Ramonda,Rostron,rrostrona2@mlb.com,Female,52.18.95.185
364,Roberta,Spikeings,rspikeingsa3@wiley.com,Female,155.93.18.16
365,Wainwright,Caswell,wcaswella4@vinaora.com,Male,236.101.56.222
366,Leland,Chesterfield,lchesterfielda5@mapy.cz,Male,245.109.65.35
367,Dagmar,Mityakov,dmityakova6@timesonline.co.uk,Female,55.252.161.66
368,Elaine,Waddy,ewaddya7@eepurl.com,Female,119.118.50.85
369,Paolo,Walsom,pwalsoma8@utexas.edu,Male,168.235.10.103
370,Sawyer,Farley,sfarleya9@google.nl,Male,106.91.243.161
371,Bea,Christaeas,bchristaeasaa@archive.org,Female,238.89.133.109
372,Scottie,Schirach,sschirachab@posterous.com,Male,105.51.129.229
373,Bartram,Insworth,binsworthac@comcast.net,Male,144.40.6.53
374,Damara,Lunk,dlunkad@fema.gov,Female,184.205.115.206
375,Regan,Foan,rfoanae@pinterest.com,Female,2.73.203.23
376,Arne,Dilley,adilleyaf@senate.gov,Male,102.23.94.137
377,Nelle,Caffery,ncafferyag@google.com.hk,Female,23.69.93.190
378,Bertha,Gawler,bgawlerah@tamu.edu,Female,240.10.3.206
379,Thia,Hunnam,thunnamai@istockphoto.com,Female,206.168.74.93
380,Brandy,Aylett,baylettaj@ning.com,Female,204.28.59.104
381,Isobel,Craisford,icraisfordak@time.com,Female,204.127.107.230
382,Waylon,Webley,wwebleyal@auda.org.au,Male,131.38.217.63
383,Rich,Veronique,rveroniqueam@dailymotion.com,Male,237.100.78.221
384,Gabriellia,Treverton,gtrevertonan@google.it,Female,236.115.164.83
385,Pryce,Littlejohns,plittlejohnsao@mlb.com,Male,176.2.197.53
386,Gaby,Hebdon,ghebdonap@arstechnica.com,Female,103.140.139.65
387,Lebbie,Purshouse,lpurshouseaq@histats.com,Female,1.204.186.49
388,Orlando,Slucock,oslucockar@wikipedia.org,Male,36.157.246.50
389,Clem,Hamfleet,chamfleetas@amazon.com,Female,6.69.57.224
390,Mariellen,Abramzon,mabramzonat@lycos.com,Female,90.29.78.148
391,Anna-diana,Butner,abutnerau@google.de,Female,16.229.44.65
392,Lockwood,Stockoe,lstockoeav@jimdo.com,Male,211.192.209.122
393,Akim,Donaher,adonaheraw@umn.edu,Male,236.170.37.2
394,Land,Mackelworth,lmackelworthax@cbsnews.com,Male,206.99.244.211
395,Maggee,Pogosian,mpogosianay@businesswire.com,Female,254.125.253.101
396,Toiboid,Drinkwater,tdrinkwateraz@upenn.edu,Male,89.0.19.247
397,Evvie,Aymes,eaymesb0@shop-pro.jp,Female,32.174.134.209
398,Millisent,Besse,mbesseb1@noaa.gov,Female,162.197.91.240
399,Nicolina,Ginie,nginieb2@fastcompany.com,Female,95.225.135.39
400,Elva,McCrudden,emccruddenb3@foxnews.com,Female,70.125.166.219
401,Nicol,Benzi,nbenzib4@digg.com,Male,1.239.10.45
402,Jabez,Novak,jnovakb5@npr.org,Male,33.124.64.158
403,Bartholomeo,Zannelli,bzannellib6@jimdo.com,Male,201.239.146.64
404,Olivia,Francesco,ofrancescob7@live.com,Female,240.6.159.178
405,Reilly,Harpin,rharpinb8@theglobeandmail.com,Male,88.59.123.191
406,Fanya,Getch,fgetchb9@samsung.com,Female,207.103.114.98
407,Rhodia,Goreway,rgorewayba@blog.com,Female,125.102.44.40
408,Marsh,Mayall,mmayallbb@prweb.com,Male,110.143.234.14
409,Charisse,Warrior,cwarriorbc@yelp.com,Female,245.105.108.87
410,Dalia,Tidmarsh,dtidmarshbd@mashable.com,Female,217.90.187.32
411,Isadora,Scandrite,iscandritebe@hibu.com,Female,190.96.228.162
412,Sabine,Chisholm,schisholmbf@csmonitor.com,Female,26.226.169.33
413,Anthe,Thorbon,athorbonbg@disqus.com,Female,92.234.10.60
414,Karita,Schwand,kschwandbh@issuu.com,Female,139.130.158.219
415,Bernardo,Kunzler,bkunzlerbi@altervista.org,Male,133.244.17.6
416,Abbi,Duffree,aduffreebj@yahoo.co.jp,Female,204.12.217.88
417,Juliann,Shurmer,jshurmerbk@smh.com.au,Female,191.22.253.102
418,Lance,Hame,lhamebl@who.int,Male,117.209.245.216
419,Packston,Hearon,phearonbm@joomla.org,Male,82.56.16.19
420,Eyde,Ravenhill,eravenhillbn@stanford.edu,Female,192.143.82.162
421,Charlton,Van Bruggen,cvanbruggenbo@wordpress.org,Male,124.105.15.149
422,Fidelio,Basili,fbasilibp@domainmarket.com,Male,145.93.104.202
423,Frances,Brownfield,fbrownfieldbq@umn.edu,Female,124.226.96.132
424,Angy,Sargerson,asargersonbr@dell.com,Female,201.181.115.60
425,Rafaellle,Ginty,rgintybs@flavors.me,Male,48.42.172.3
426,Hiram,Mcettrick,hmcettrickbt@w3.org,Male,202.51.225.179
427,Libbie,Eck,leckbu@prnewswire.com,Female,65.6.64.161
428,Kakalina,Alu,kalubv@kickstarter.com,Female,216.77.206.88
429,Humberto,Gonzalvo,hgonzalvobw@home.pl,Male,96.145.55.235
430,Ricoriki,Werrit,rwerritbx@jimdo.com,Male,8.68.47.197
431,Roberta,Clemmensen,rclemmensenby@home.pl,Female,169.110.40.63
432,Adlai,Rigglesford,arigglesfordbz@ocn.ne.jp,Male,196.164.45.143
433,Roz,Astlet,rastletc0@yahoo.com,Female,198.100.236.7
434,Margarette,Machan,mmachanc1@cloudflare.com,Female,39.20.54.220
435,Simonne,Odney,sodneyc2@aboutads.info,Female,19.198.8.63
436,Ber,Perl,bperlc3@yahoo.com,Male,169.122.35.70
437,Annalee,Curner,acurnerc4@latimes.com,Female,190.16.252.244
438,Frederica,Pauling,fpaulingc5@scientificamerican.com,Female,205.145.188.223
439,Neal,Ginty,ngintyc6@51.la,Male,253.132.166.124
440,Dacey,Scollan,dscollanc7@utexas.edu,Female,99.24.89.174
441,Celinda,Jouanny,cjouannyc8@abc.net.au,Female,28.44.87.122
442,Eberto,Kenchington,ekenchingtonc9@pinterest.com,Male,137.12.138.246
443,Garland,Ridgley,gridgleyca@baidu.com,Female,90.91.14.67
444,Uri,Rotlauf,urotlaufcb@cbslocal.com,Male,183.122.31.80
445,Bobbi,Cromb,bcrombcc@reuters.com,Female,189.143.159.186
446,Natka,Drohane,ndrohanecd@statcounter.com,Female,151.214.94.197
447,Berenice,Lampl,blamplce@jimdo.com,Female,153.16.167.222
448,Carmelia,Gideon,cgideoncf@quantcast.com,Female,232.222.63.112
449,Meredith,Summerbell,msummerbellcg@msu.edu,Male,242.136.78.109
450,Marylee,Ferrige,mferrigech@webeden.co.uk,Female,162.103.253.153
451,Karlotta,Artinstall,kartinstallci@clickbank.net,Female,154.11.76.79
452,Merla,Pietzker,mpietzkercj@hatena.ne.jp,Female,109.87.124.237
453,Iago,Dampier,idampierck@list-manage.com,Male,147.46.148.148
454,Madlen,Huc,mhuccl@zimbio.com,Female,4.98.26.41
455,Dorian,Goolden,dgooldencm@ucla.edu,Female,85.248.103.155
456,Noelani,Tubby,ntubbycn@symantec.com,Female,89.167.219.102
457,Caesar,Ward,cwardco@stanford.edu,Male,83.7.189.119
458,Skippie,Meek,smeekcp@ox.ac.uk,Male,218.18.125.154
459,Rubi,Pinwill,rpinwillcq@arstechnica.com,Female,28.171.48.78
460,Drud,Churchman,dchurchmancr@cbc.ca,Male,236.171.47.205
461,Ardelis,Pinnegar,apinnegarcs@who.int,Female,198.161.15.102
462,Ruben,Iacoboni,riacobonict@elpais.com,Male,188.248.47.51
463,Freemon,Orts,fortscu@example.com,Male,85.200.234.59
464,Evvy,Costanza,ecostanzacv@phoca.cz,Female,108.252.117.124
465,Cody,Earthfield,cearthfieldcw@icio.us,Female,1.226.232.40
466,Marj,Richen,mrichencx@narod.ru,Female,193.66.72.94
467,Audi,Bradbury,abradburycy@adobe.com,Female,200.63.159.160
468,Augie,Sauvage,asauvagecz@mozilla.org,Male,203.4.32.222
469,Maximilianus,Gatherer,mgathererd0@icio.us,Male,23.244.92.124
470,Bryan,Campe,bcamped1@nydailynews.com,Male,98.126.243.180
471,Lockwood,McBryde,lmcbryded2@unesco.org,Male,208.123.227.84
472,Reba,Roseman,rrosemand3@sun.com,Female,28.75.115.158
473,Sheba,Richold,sricholdd4@howstuffworks.com,Female,29.184.23.19
474,Issi,Rosenberger,irosenbergerd5@mtv.com,Female,33.251.241.60
475,Ned,Braferton,nbrafertond6@homestead.com,Male,193.208.225.96
476,Marv,Issakov,missakovd7@ucla.edu,Male,161.251.247.141
477,Ericha,Croad,ecroadd8@mozilla.com,Female,227.61.13.118
478,Meredithe,Lethebridge,mlethebridged9@geocities.jp,Female,133.117.177.234
479,Nissie,Reckless,nrecklessda@imageshack.us,Female,37.43.155.245
480,Lissy,Gotthard.sf,lgotthardsfdb@studiopress.com,Female,227.104.147.172
481,Garth,Kamienski,gkamienskidc@ycombinator.com,Male,98.83.58.6
482,Derick,Shillington,dshillingtondd@spotify.com,Male,175.245.47.116
483,Violetta,Santori,vsantoride@hubpages.com,Female,38.107.218.85
484,Spense,Kenway,skenwaydf@bbb.org,Male,186.234.2.17
485,Agna,Hawkin,ahawkindg@shinystat.com,Female,246.235.223.15
486,Hattie,Carlens,hcarlensdh@bloglines.com,Female,245.202.127.30
487,Oby,Swanwick,oswanwickdi@theatlantic.com,Male,167.79.242.83
488,Salvatore,Brothwood,sbrothwooddj@qq.com,Male,24.51.91.99
489,Rooney,Arger,rargerdk@unesco.org,Male,210.187.214.87
490,Silvio,Stritton,sstrittondl@guardian.co.uk,Male,43.36.197.95
491,Esmaria,St Angel,estangeldm@usa.gov,Female,43.111.230.250
492,Aileen,Durtnel,adurtneldn@ucsd.edu,Female,164.7.72.243
493,Alikee,Helsby,ahelsbydo@shutterfly.com,Female,203.236.161.111
494,Avery,Toffetto,atoffettodp@a8.net,Male,110.117.60.214
495,Ingaberg,O'Cooney,iocooneydq@gmpg.org,Female,21.113.199.199
496,Kenton,Baber,kbaberdr@wp.com,Male,116.166.48.245
497,Angelo,Fiddymont,afiddymontds@hp.com,Male,146.73.239.176
498,Major,Espina,mespinadt@newyorker.com,Male,148.252.181.88
499,Celine,Shapiro,cshapirodu@mac.com,Female,48.138.80.148
500,Katee,Dun,kdundv@typepad.com,Female,93.125.125.93
501,Oswald,Buist,obuistdw@prweb.com,Male,197.74.247.25
502,Cary,Undrell,cundrelldx@quantcast.com,Female,152.30.112.186
503,Kali,Reisenberg,kreisenbergdy@disqus.com,Female,185.230.108.210
504,Tamas,Ferryn,tferryndz@php.net,Male,27.115.95.172
505,Arther,Burnhill,aburnhille0@joomla.org,Male,185.234.43.131
506,Ced,Gypps,cgyppse1@infoseek.co.jp,Male,123.61.50.216
507,Malory,Azema,mazemae2@japanpost.jp,Female,234.58.110.64
508,Shadow,Maggs,smaggse3@prlog.org,Male,254.146.223.221
509,Herbie,Martyns,hmartynse4@theatlantic.com,Male,248.210.41.49
510,Kenn,Cordeau],kcordeaue5@1und1.de,Male,86.125.16.213
511,Christi,Corradi,ccorradie6@sogou.com,Female,96.168.47.129
512,Dasi,Calafate,dcalafatee7@merriam-webster.com,Female,56.22.241.14
513,Kendricks,Kettles,kkettlese8@buzzfeed.com,Male,8.61.249.70
514,Taffy,Cullum,tcullume9@shareasale.com,Female,60.206.178.65
515,Erinna,Broughton,ebroughtonea@mozilla.org,Female,211.197.146.124
516,Tedi,Elsay,telsayeb@hp.com,Female,151.72.166.114
517,Jervis,Jendrassik,jjendrassikec@webmd.com,Male,60.67.23.23
518,Zsazsa,Chalker,zchalkered@acquirethisname.com,Female,144.152.56.53
519,Rosalynd,Birrel,rbirrelee@cdbaby.com,Female,96.150.229.141
520,Nadya,Melody,nmelodyef@feedburner.com,Female,246.93.62.210
521,Broddy,Vreede,bvreedeeg@imdb.com,Male,122.150.201.121
522,Birgitta,Turl,bturleh@dailymail.co.uk,Female,243.188.182.63
523,Celia,Kubach,ckubachei@businessweek.com,Female,116.1.107.1
524,Rianon,Janssen,rjanssenej@taobao.com,Female,119.123.53.71
525,Robert,Boult,rboultek@answers.com,Male,194.133.194.176
526,Cordie,Wallentin,cwallentinel@ox.ac.uk,Female,95.149.215.86
527,Murielle,Toothill,mtoothillem@weather.com,Female,83.248.52.98
528,Quillan,Gawthorpe,qgawthorpeen@last.fm,Male,185.95.27.168
529,Corrie,Tomowicz,ctomowiczeo@noaa.gov,Female,144.127.59.88
530,Lucine,Ahlf,lahlfep@cnet.com,Female,85.21.202.97
531,Reamonn,Feldhorn,rfeldhorneq@geocities.com,Male,92.122.141.92
532,Pietra,Radley,pradleyer@sciencedaily.com,Female,222.129.144.151
533,Kenn,Bernat,kbernates@posterous.com,Male,211.122.131.129
534,Ricard,Sumsion,rsumsionet@sfgate.com,Male,225.59.156.252
535,Patrick,Cleiment,pcleimenteu@apache.org,Male,78.123.172.46
536,Farra,Mellers,fmellersev@jigsy.com,Female,148.207.75.50
537,Crissie,Rigg,criggew@quantcast.com,Female,202.143.151.77
538,Flss,Egdell,fegdellex@nhs.uk,Female,58.212.209.19
539,Miltie,Tidridge,mtidridgeey@ycombinator.com,Male,219.220.128.225
540,Lawrence,Excell,lexcellez@dailymotion.com,Male,52.141.3.101
541,Moritz,Downham,mdownhamf0@dion.ne.jp,Male,136.135.90.250
542,Kit,Sands-Allan,ksandsallanf1@ehow.com,Female,12.65.84.154
543,Herve,Lamport,hlamportf2@webnode.com,Male,72.179.162.56
544,Bear,Ganforthe,bganforthef3@edublogs.org,Male,163.137.147.168
545,Martainn,Connelly,mconnellyf4@xing.com,Male,66.252.132.129
546,Germaine,Orgee,gorgeef5@illinois.edu,Female,14.210.166.105
547,Zandra,Guillem,zguillemf6@indiegogo.com,Female,37.208.202.217
548,Timi,Bourdon,tbourdonf7@hugedomains.com,Female,250.240.84.132
549,Millicent,Dreschler,mdreschlerf8@blog.com,Female,220.90.74.130
550,Thayne,Bustard,tbustardf9@unicef.org,Male,16.67.86.182
551,Aron,Chong,achongfa@shareasale.com,Male,98.139.205.225
552,Dinah,Bisp,dbispfb@noaa.gov,Female,34.91.232.251
553,Cosimo,Pharaoh,cpharaohfc@t.co,Male,163.125.96.16
554,Jaime,Butterfill,jbutterfillfd@state.tx.us,Male,61.154.181.239
555,Jayson,Prendergrast,jprendergrastfe@wired.com,Male,74.56.107.103
556,Abbye,Burtenshaw,aburtenshawff@addthis.com,Female,219.159.118.182
557,Ursa,Sandels,usandelsfg@google.com.br,Female,91.197.55.198
558,Rorie,Fieldgate,rfieldgatefh@google.com,Female,17.91.57.21
559,Eldridge,Richt,erichtfi@java.com,Male,74.139.188.139
560,Mirelle,Hrachovec,mhrachovecfj@i2i.jp,Female,109.251.252.212
561,Lucias,Tatlowe,ltatlowefk@vinaora.com,Male,143.73.10.9
562,Hanny,McCumskay,hmccumskayfl@boston.com,Female,193.115.194.213
563,Fiann,Vittori,fvittorifm@google.es,Female,249.247.118.75
564,Ellene,Boarder,eboarderfn@psu.edu,Female,137.213.26.222
565,Mose,Austins,maustinsfo@desdev.cn,Male,214.119.10.206
566,Angel,Tenbrug,atenbrugfp@biglobe.ne.jp,Male,84.165.100.225
567,Madeline,Garland,mgarlandfq@businessweek.com,Female,108.159.187.72
568,Jillie,Esome,jesomefr@nature.com,Female,229.6.210.125
569,Wilton,Darragh,wdarraghfs@hud.gov,Male,139.69.95.185
570,Bondie,Nunns,bnunnsft@gmpg.org,Male,43.149.203.189
571,Rosaline,Osmund,rosmundfu@auda.org.au,Female,159.118.168.253
572,Pepito,Escoffrey,pescoffreyfv@livejournal.com,Male,154.123.115.42
573,Morton,Kop,mkopfw@answers.com,Male,198.248.77.97
574,Brenden,Borham,bborhamfx@opera.com,Male,66.229.62.25
575,Allyn,Stancer,astancerfy@ox.ac.uk,Male,38.169.27.68
576,Fee,Riddick,friddickfz@alexa.com,Male,42.26.91.133
577,Esme,Shepheard,eshepheardg0@odnoklassniki.ru,Female,29.102.101.206
578,Ajay,Knobell,aknobellg1@drupal.org,Female,244.152.253.38
579,Kippie,Hall-Gough,khallgoughg2@lulu.com,Male,79.91.221.44
580,Levy,Rosenstengel,lrosenstengelg3@discuz.net,Male,142.249.211.10
581,Roselia,Foran,rforang4@desdev.cn,Female,128.175.139.46
582,Bobby,Irvin,birving5@arstechnica.com,Female,55.182.98.33
583,Drona,MacKibbon,dmackibbong6@globo.com,Female,82.53.170.63
584,Sharona,Murtagh,smurtaghg7@cnet.com,Female,63.0.150.105
585,Jeramey,Kuzma,jkuzmag8@photobucket.com,Male,17.167.85.102
586,Angus,Wenderoth,awenderothg9@apple.com,Male,129.182.193.243
587,Bab,Dinnis,bdinnisga@over-blog.com,Female,201.3.11.77
588,Valery,Probert,vprobertgb@tripod.com,Female,223.250.252.178
589,Jilleen,Mardlin,jmardlingc@t-online.de,Female,221.65.137.78
590,Jennette,Cloney,jcloneygd@mac.com,Female,164.138.22.238
591,Gunner,Bradnum,gbradnumge@ebay.co.uk,Male,165.200.148.77
592,Bernardina,Molan,bmolangf@nature.com,Female,200.216.199.91
593,Gavan,Bedder,gbeddergg@goo.ne.jp,Male,164.227.48.49
594,Ethan,Chucks,echucksgh@creativecommons.org,Male,195.7.119.30
595,Vasili,Rogge,vroggegi@telegraph.co.uk,Male,152.186.14.243
596,Huberto,Colebourne,hcolebournegj@google.fr,Male,66.91.69.41
597,Filberto,Frances,ffrancesgk@wordpress.org,Male,211.106.221.228
598,Kaine,Solano,ksolanogl@seesaa.net,Male,9.245.40.166
599,Starlin,Pirrey,spirreygm@histats.com,Female,214.164.234.73
600,Averil,Ferrao,aferraogn@telegraph.co.uk,Female,1.86.10.129
601,Boycie,Lesly,bleslygo@desdev.cn,Male,57.112.124.234
602,Chic,Brauninger,cbrauningergp@smugmug.com,Male,91.140.96.149
603,Jennilee,Roberts,jrobertsgq@foxnews.com,Female,17.196.182.183
604,Jarvis,Jessett,jjessettgr@phoca.cz,Male,170.172.231.155
605,Timothy,Boodell,tboodellgs@weather.com,Male,241.216.137.163
606,Basia,Nuttall,bnuttallgt@people.com.cn,Female,40.108.75.135
607,Zacharia,Patzelt,zpatzeltgu@e-recht24.de,Male,16.214.197.169
608,Luther,Funnell,lfunnellgv@360.cn,Male,253.139.183.120
609,Annis,Pavinese,apavinesegw@smugmug.com,Female,108.124.151.148
610,Munroe,Cosely,mcoselygx@webeden.co.uk,Male,247.37.72.71
611,Rafaelita,Beautyman,rbeautymangy@merriam-webster.com,Female,205.208.107.170
612,Alisha,Cordey,acordeygz@sciencedaily.com,Female,98.126.205.36
613,Maisey,Ginman,mginmanh0@pbs.org,Female,192.179.122.230
614,Ardisj,Losebie,alosebieh1@wufoo.com,Female,155.64.224.148
615,Genevieve,Ligertwood,gligertwoodh2@mac.com,Female,100.219.74.226
616,Hamnet,Smardon,hsmardonh3@redcross.org,Male,163.37.123.59
617,Cassandra,Braisby,cbraisbyh4@plala.or.jp,Female,106.29.76.203
618,Abbie,Sydney,asydneyh5@sciencedirect.com,Female,113.193.136.108
619,Othello,Castanaga,ocastanagah6@patch.com,Male,99.138.247.12
620,Betty,Clougher,bclougherh7@discuz.net,Female,233.237.70.117
621,Faun,McChesney,fmcchesneyh8@hubpages.com,Female,140.11.134.200
622,Allayne,Punch,apunchh9@salon.com,Male,207.160.64.11
623,Joel,Werner,jwernerha@geocities.jp,Male,93.124.68.151
624,Land,Fleis,lfleishb@goodreads.com,Male,28.27.126.243
625,Rusty,Stoodley,rstoodleyhc@ca.gov,Male,168.145.44.167
626,Hugh,Clubley,hclubleyhd@google.com.br,Male,247.228.37.144
627,Wallis,Wooff,wwooffhe@ezinearticles.com,Female,160.146.94.88
628,Ragnar,O'Shields,roshieldshf@cisco.com,Male,35.129.84.242
629,Randal,Colyer,rcolyerhg@dedecms.com,Male,81.170.237.135
630,Clerc,Huxster,chuxsterhh@cnbc.com,Male,136.218.167.42
631,Ransell,Dallmann,rdallmannhi@example.com,Male,84.210.199.217
632,Irwin,Wiskar,iwiskarhj@google.com.au,Male,36.162.130.7
633,Ephrem,Grover,egroverhk@canalblog.com,Male,140.112.235.72
634,Patricio,Dwyer,pdwyerhl@arizona.edu,Male,181.116.117.222
635,Shela,O'Feeny,sofeenyhm@shutterfly.com,Female,128.1.195.209
636,Meredeth,Parham,mparhamhn@wufoo.com,Male,43.185.95.48
637,Kingston,Dallow,kdallowho@privacy.gov.au,Male,29.38.27.184
638,Alyosha,Sprade,aspradehp@blogger.com,Male,28.145.143.4
639,Frederik,Rockey,frockeyhq@surveymonkey.com,Male,72.209.104.112
640,Joseito,Denley,jdenleyhr@soup.io,Male,111.99.251.51
641,Aloysia,Brumble,abrumblehs@godaddy.com,Female,79.136.190.178
642,Boone,McNysche,bmcnyscheht@t.co,Male,119.159.251.199
643,Jerrome,Derby,jderbyhu@delicious.com,Male,23.52.54.122
644,Lesly,Oliver-Paull,loliverpaullhv@sphinn.com,Female,231.214.183.232
645,Felipe,Lillgard,flillgardhw@marketwatch.com,Male,201.221.71.104
646,Corilla,Wimpey,cwimpeyhx@ca.gov,Female,82.211.218.52
647,Tamqrah,Bretland,tbretlandhy@forbes.com,Female,93.141.106.231
648,Jone,Beldam,jbeldamhz@hibu.com,Male,57.228.196.205
649,Carce,Chrystie,cchrystiei0@wix.com,Male,35.110.166.111
650,Teresita,Crown,tcrowni1@salon.com,Female,202.205.71.255
651,Sigismond,Klessmann,sklessmanni2@51.la,Male,221.34.90.63
652,Caryl,Rosario,crosarioi3@odnoklassniki.ru,Female,203.61.49.89
653,Patrizio,Grosvener,pgrosveneri4@sohu.com,Male,27.117.167.75
654,Bordy,Klosa,bklosai5@imgur.com,Male,48.63.69.64
655,Shirline,Frango,sfrangoi6@nytimes.com,Female,183.238.179.194
656,Lucy,Abthorpe,labthorpei7@wsj.com,Female,129.95.188.211
657,Dre,Laughton,dlaughtoni8@hubpages.com,Female,61.97.33.216
658,Zacharias,Manford,zmanfordi9@desdev.cn,Male,115.97.218.220
659,Antons,Burker,aburkeria@furl.net,Male,237.186.175.214
660,Ermanno,Odlin,eodlinib@lycos.com,Male,127.210.153.46
661,Agustin,Vickar,avickaric@prnewswire.com,Male,213.17.149.165
662,Aurore,Mayor,amayorid@rediff.com,Female,118.190.215.201
663,Kimmi,Fairbeard,kfairbeardie@wikimedia.org,Female,2.87.223.43
664,Julita,Meachen,jmeachenif@delicious.com,Female,56.115.189.157
665,Parry,Derle,pderleig@xrea.com,Male,213.22.81.183
666,Amity,Newvill,anewvillih@si.edu,Female,233.186.174.185
667,Ram,Deavall,rdeavallii@walmart.com,Male,193.162.163.139
668,Beilul,Domotor,bdomotorij@odnoklassniki.ru,Female,123.51.62.59
669,Uriel,Grzesiewicz,ugrzesiewiczik@ft.com,Male,103.114.84.136
670,Jareb,Roo,jrooil@google.nl,Male,249.217.144.127
671,Mignonne,Sisland,msislandim@smugmug.com,Female,118.183.227.203
672,Chevalier,Elby,celbyin@webmd.com,Male,106.209.94.37
673,Silvanus,Muscroft,smuscroftio@washingtonpost.com,Male,140.8.94.177
674,Doretta,Kiss,dkissip@bbb.org,Female,175.222.70.17
675,Johanna,Vannuccini,jvannucciniiq@admin.ch,Female,101.217.80.154
676,Aurore,Trodler,atrodlerir@reference.com,Female,138.1.101.195
677,Ive,Pech,ipechis@i2i.jp,Male,21.121.105.48
678,Jordan,Dufaire,jdufaireit@google.cn,Female,179.167.88.88
679,Melvyn,Middiff,mmiddiffiu@howstuffworks.com,Male,177.134.190.88
680,Toby,Benbough,tbenboughiv@soup.io,Male,126.249.12.209
681,Petronella,Woodbridge,pwoodbridgeiw@naver.com,Female,252.254.133.177
682,Tadd,MacLaren,tmaclarenix@opensource.org,Male,249.12.110.89
683,Gar,Deane,gdeaneiy@shareasale.com,Male,217.247.96.173
684,Aldus,Strank,astrankiz@wikispaces.com,Male,16.226.221.21
685,Damien,Weatherby,dweatherbyj0@sitemeter.com,Male,207.82.173.108
686,Joela,McCrackan,jmccrackanj1@ezinearticles.com,Female,228.191.173.26
687,Clari,Sinden,csindenj2@earthlink.net,Female,202.197.173.146
688,Jessey,Gavrielli,jgavriellij3@disqus.com,Male,93.102.7.214
689,Chelsie,Hazeldean,chazeldeanj4@hostgator.com,Female,216.217.199.220
690,Keefer,Dunphie,kdunphiej5@nationalgeographic.com,Male,11.129.0.157
691,Erhard,Filippazzo,efilippazzoj6@sakura.ne.jp,Male,18.34.71.87
692,Felicity,Pantry,fpantryj7@twitpic.com,Female,125.64.228.221
693,Cecile,Chelley,cchelleyj8@123-reg.co.uk,Female,80.183.156.171
694,Dalis,Paskin,dpaskinj9@i2i.jp,Male,177.139.221.49
695,Armando,Hayton,ahaytonja@paypal.com,Male,70.134.36.28
696,Thaddeus,De Simoni,tdesimonijb@unc.edu,Male,49.113.67.138
697,Bern,Staig,bstaigjc@fema.gov,Male,20.234.81.24
698,Delbert,Heathcote,dheathcotejd@psu.edu,Male,234.194.19.234
699,Kally,Yvens,kyvensje@cloudflare.com,Female,26.215.250.24
700,Tabby,Chauvey,tchauveyjf@soup.io,Female,186.154.225.3
701,Ramonda,Gandar,rgandarjg@walmart.com,Female,32.61.237.78
702,Saundra,Lindsay,slindsayjh@chron.com,Female,236.87.32.233
703,Nicolis,Yockley,nyockleyji@dyndns.org,Male,111.179.139.47
704,Merle,Eteen,meteenjj@ameblo.jp,Female,206.13.205.31
705,Ancell,Jenkins,ajenkinsjk@topsy.com,Male,35.123.216.234
706,Hastie,Shear,hshearjl@odnoklassniki.ru,Male,207.90.83.207
707,Pennie,Dome,pdomejm@elegantthemes.com,Male,255.99.156.90
708,Ginger,Tennick,gtennickjn@bbc.co.uk,Male,174.148.117.112
709,Bertrand,Aylen,baylenjo@slashdot.org,Male,33.81.215.106
710,Joletta,Brentnall,jbrentnalljp@linkedin.com,Female,217.209.77.87
711,Ginni,French,gfrenchjq@clickbank.net,Female,183.129.2.171
712,Wiatt,Thouless,wthoulessjr@desdev.cn,Male,202.254.108.249
713,Beckie,Desquesnes,bdesquesnesjs@state.tx.us,Female,203.13.178.31
714,Wenonah,Gunthorp,wgunthorpjt@vkontakte.ru,Female,189.134.157.10
715,Jethro,Simcock,jsimcockju@bravesites.com,Male,23.172.93.29
716,Isidro,Castel,icasteljv@fotki.com,Male,78.134.219.93
717,Brandice,Vaszoly,bvaszolyjw@360.cn,Female,121.192.156.206
718,Rainer,Pauwel,rpauweljx@si.edu,Male,235.132.164.22
719,Hagan,Feeney,hfeeneyjy@ca.gov,Male,49.64.224.123
720,Corrie,Tipperton,ctippertonjz@arizona.edu,Female,135.41.207.237
721,Elysee,Franzettoini,efranzettoinik0@trellian.com,Female,221.252.154.107
722,L;urette,Reskelly,lreskellyk1@homestead.com,Female,216.84.56.220
723,Clayton,Casham,ccashamk2@technorati.com,Male,146.187.41.136
724,Ina,Heffer,ihefferk3@google.ru,Female,1.206.38.67
725,Odie,Altoft,oaltoftk4@free.fr,Male,78.149.12.109
726,Hephzibah,Dicks,hdicksk5@youtu.be,Female,238.98.253.252
727,Gigi,Wesson,gwessonk6@wix.com,Female,210.134.12.113
728,Trever,Hartford,thartfordk7@slate.com,Male,137.205.242.84
729,Deina,MacWhan,dmacwhank8@columbia.edu,Female,146.63.74.122
730,Bern,Adamiec,badamieck9@yelp.com,Male,1.53.154.88
731,Loleta,Siegertsz,lsiegertszka@sun.com,Female,152.27.175.121
732,Rosette,Scates,rscateskb@answers.com,Female,119.143.132.218
733,Pauly,Fasler,pfaslerkc@artisteer.com,Female,63.188.118.33
734,Lucila,Bolan,lbolankd@unblog.fr,Female,56.240.211.55
735,Arlinda,Gealle,agealleke@slashdot.org,Female,237.243.67.130
736,Cosimo,Imort,cimortkf@timesonline.co.uk,Male,19.162.34.190
737,Ethyl,Eddow,eeddowkg@buzzfeed.com,Female,41.132.100.155
738,Gretchen,Fetter,gfetterkh@shutterfly.com,Female,170.135.199.181
739,Danielle,Debney,ddebneyki@businessweek.com,Female,185.171.179.2
740,Cleon,Rudsdell,crudsdellkj@bandcamp.com,Male,214.249.253.87
741,Pearline,Haistwell,phaistwellkk@a8.net,Female,209.221.5.231
742,Jammal,Patise,jpatisekl@barnesandnoble.com,Male,181.254.144.169
743,Thurston,Branchett,tbranchettkm@linkedin.com,Male,75.106.188.200
744,Trudi,Kwietek,tkwietekkn@goo.gl,Female,212.71.55.148
745,Maure,Innocenti,minnocentiko@over-blog.com,Female,169.61.63.227
746,Keene,Kettleson,kkettlesonkp@dion.ne.jp,Male,206.176.241.13
747,Amata,Delmage,adelmagekq@usatoday.com,Female,116.219.251.19
748,Charisse,Sinnie,csinniekr@dell.com,Female,195.120.160.21
749,Godfree,Matyja,gmatyjaks@dyndns.org,Male,34.69.6.85
750,Krissy,Pinwell,kpinwellkt@umn.edu,Female,45.20.91.88
751,Selma,Lord,slordku@prlog.org,Female,228.1.226.209
752,Francois,Shingles,fshingleskv@shop-pro.jp,Male,142.62.181.215
753,Rosalynd,Shipp,rshippkw@hhs.gov,Female,138.19.6.110
754,Kelley,Slaney,kslaneykx@dailymail.co.uk,Male,216.88.73.46
755,Jacqueline,O'Fallowne,jofallowneky@scribd.com,Female,44.209.2.172
756,Lurette,Fleckney,lfleckneykz@t-online.de,Female,50.169.46.223
757,Analiese,Kneale,aknealel0@freewebs.com,Female,65.194.186.165
758,Boycie,Frick,bfrickl1@google.fr,Male,122.54.42.17
759,Felic,Kondrat,fkondratl2@wsj.com,Male,192.122.179.239
760,Lindie,Soldan,lsoldanl3@printfriendly.com,Female,137.152.142.13
761,Cesar,Daftor,cdaftorl4@tumblr.com,Male,48.223.15.247
762,Cosmo,Teulier,cteulierl5@symantec.com,Male,178.31.38.175
763,Rod,Wackett,rwackettl6@cbslocal.com,Male,154.134.241.188
764,Hilario,Cramer,hcramerl7@engadget.com,Male,127.101.3.226
765,Cahra,Rany,cranyl8@yellowpages.com,Female,152.139.204.191
766,Alanson,Rudinger,arudingerl9@zdnet.com,Male,174.74.112.91
767,Sonya,Scutter,sscutterla@oracle.com,Female,238.2.117.46
768,Allyn,Gauche,agauchelb@squarespace.com,Female,175.6.127.148
769,Osgood,Oxbrough,ooxbroughlc@phpbb.com,Male,21.196.28.198
770,Tymothy,Ralph,tralphld@edublogs.org,Male,92.212.9.96
771,Haley,Summons,hsummonsle@bloomberg.com,Male,68.11.223.222
772,Clifford,Botger,cbotgerlf@jalbum.net,Male,239.75.106.174
773,Carr,Castles,ccastleslg@umich.edu,Male,239.87.139.214
774,Luella,Harmant,lharmantlh@hubpages.com,Female,54.49.162.157
775,Jasper,Rose,jroseli@fastcompany.com,Male,148.127.229.239
776,Kiley,Davion,kdavionlj@paypal.com,Male,12.244.190.8
777,Jaymee,Pennington,jpenningtonlk@livejournal.com,Female,64.57.229.198
778,Dotty,Culp,dculpll@hostgator.com,Female,163.8.212.131
779,Alec,Straw,astrawlm@flavors.me,Male,89.165.58.146
780,Haily,Kelson,hkelsonln@wsj.com,Female,129.153.82.3
781,Bat,O'Haire,bohairelo@upenn.edu,Male,96.162.188.206
782,Mady,Holywell,mholywelllp@goo.ne.jp,Female,207.89.105.111
783,Killie,Straine,kstrainelq@naver.com,Male,188.150.1.140
784,Arlen,Gamble,agamblelr@statcounter.com,Female,128.124.64.6
785,Eden,Aldersley,ealdersleyls@dedecms.com,Female,179.101.94.202
786,Floria,Skinner,fskinnerlt@bloomberg.com,Female,166.146.7.106
787,Conni,Wyd,cwydlu@theatlantic.com,Female,59.156.125.115
788,Thaddeus,Belson,tbelsonlv@trellian.com,Male,200.243.169.213
789,Boote,Cridge,bcridgelw@phoca.cz,Male,200.207.161.163
790,Sloan,Sackes,ssackeslx@huffingtonpost.com,Male,64.200.131.228
791,Taffy,Stitwell,tstitwellly@fema.gov,Female,107.215.26.33
792,Mareah,Seeks,mseekslz@pagesperso-orange.fr,Female,132.6.105.133
793,Donaugh,Fanstone,dfanstonem0@ox.ac.uk,Male,76.197.24.155
794,Kelwin,Warton,kwartonm1@ameblo.jp,Male,142.201.232.12
795,Susan,Getcliff,sgetcliffm2@histats.com,Female,232.140.131.67
796,Honoria,Skaife,hskaifem3@yahoo.co.jp,Female,255.49.215.135
797,Emili,Swinerd,eswinerdm4@fotki.com,Female,60.60.59.171
798,Haywood,Filipputti,hfilipputtim5@ocn.ne.jp,Male,243.97.192.113
799,Salim,Vane,svanem6@altervista.org,Male,77.29.198.222
800,Roseann,Stubley,rstubleym7@simplemachines.org,Female,78.81.9.93
801,Nollie,D'Errico,nderricom8@seattletimes.com,Male,236.221.110.198
802,Emylee,Hollindale,ehollindalem9@stumbleupon.com,Female,240.71.183.83
803,Kimble,Wenger,kwengerma@xrea.com,Male,187.228.68.242
804,Purcell,Dyett,pdyettmb@oracle.com,Male,69.19.70.139
805,Dale,Discombe,ddiscombemc@delicious.com,Female,159.43.71.138
806,Hy,Wapple,hwapplemd@newyorker.com,Male,200.123.164.204
807,Carmen,Robinett,crobinettme@cafepress.com,Female,2.119.153.4
808,Sonnie,Gerrish,sgerrishmf@acquirethisname.com,Female,13.24.35.67
809,Korey,Nanuccioi,knanuccioimg@discovery.com,Male,12.109.77.5
810,Amalia,Ritchard,aritchardmh@topsy.com,Female,246.12.220.222
811,Kellina,Mullin,kmullinmi@merriam-webster.com,Female,37.193.0.14
812,Barbey,Wesgate,bwesgatemj@engadget.com,Female,114.199.55.146
813,Caroline,Tiptaft,ctiptaftmk@angelfire.com,Female,195.216.208.21
814,Lanita,Orum,lorumml@bluehost.com,Female,199.30.64.118
815,Korella,Nel,knelmm@zdnet.com,Female,34.235.107.32
816,Huntlee,Dufore,hduforemn@amazon.com,Male,162.82.78.3
817,Katerine,Lawerence,klawerencemo@issuu.com,Female,152.34.159.176
818,Morrie,Grushin,mgrushinmp@economist.com,Male,247.53.210.64
819,Arlin,Mayfield,amayfieldmq@cmu.edu,Male,231.64.177.22
820,Pepita,Strettell,pstrettellmr@abc.net.au,Female,240.139.186.246
821,Colette,Leopold,cleopoldms@accuweather.com,Female,231.122.87.68
822,Brade,Wolverson,bwolversonmt@fema.gov,Male,42.212.156.122
823,Augustine,Booth-Jarvis,aboothjarvismu@weibo.com,Male,74.245.44.113
824,Anneliese,Shannon,ashannonmv@webnode.com,Female,113.87.133.231
825,Katina,Fewings,kfewingsmw@indiatimes.com,Female,47.150.182.18
826,Ibbie,Enric,ienricmx@themeforest.net,Female,92.163.139.34
827,Emmery,Boal,eboalmy@is.gd,Male,51.80.120.189
828,Beniamino,Dungate,bdungatemz@com.com,Male,213.184.215.46
829,Lonnie,Currey,lcurreyn0@canalblog.com,Female,26.131.198.24
830,Teddy,Simister,tsimistern1@fda.gov,Male,16.45.216.198
831,Gerhard,MacKomb,gmackombn2@goo.gl,Male,118.247.74.243
832,Giffard,Daniello,gdaniellon3@berkeley.edu,Male,237.136.13.57
833,Burton,Kilvington,bkilvingtonn4@com.com,Male,165.238.214.254
834,Rouvin,Renshaw,rrenshawn5@cmu.edu,Male,2.150.98.111
835,Patin,Feasley,pfeasleyn6@sciencedirect.com,Male,27.88.206.116
836,Kilian,Lamb-shine,klambshinen7@istockphoto.com,Male,202.70.242.207
837,Alis,Dand,adandn8@google.nl,Female,151.86.158.251
838,Regina,Jeroch,rjerochn9@forbes.com,Female,111.53.45.87
839,Gus,Mollindinia,gmollindiniana@tripadvisor.com,Male,128.105.28.238
840,Olivia,Kedge,okedgenb@umn.edu,Female,234.57.11.47
841,Nat,Axe,naxenc@is.gd,Male,168.206.179.203
842,Dana,Choffin,dchoffinnd@chicagotribune.com,Female,5.250.138.132
843,Gunilla,Rodway,grodwayne@gravatar.com,Female,142.202.251.89
844,Liuka,Hartigan,lhartigannf@yale.edu,Female,143.175.188.251
845,Norrie,Paulisch,npaulischng@reuters.com,Female,168.188.209.12
846,Gilles,Gingel,ggingelnh@who.int,Male,29.206.62.110
847,Meade,Joice,mjoiceni@sakura.ne.jp,Male,39.126.254.131
848,Zerk,Jossel,zjosselnj@t.co,Male,38.244.165.233
849,Illa,Oldfield,ioldfieldnk@bigcartel.com,Female,86.134.222.49
850,Babette,Dugget,bduggetnl@amazon.com,Female,123.245.80.119
851,Cole,Thewlis,cthewlisnm@soup.io,Male,178.200.43.62
852,Austin,Bleier,ableiernn@gov.uk,Female,97.234.228.39
853,Lyle,Dy,ldyno@aol.com,Male,108.108.217.31
854,Rufus,Thor,rthornp@nydailynews.com,Male,128.210.83.180
855,Nathalie,Zmitruk,nzmitruknq@eepurl.com,Female,215.158.9.11
856,Ellsworth,Swayte,eswaytenr@scientificamerican.com,Male,34.41.186.243
857,Benjy,Pallin,bpallinns@imgur.com,Male,126.25.119.236
858,Mellisent,Colling,mcollingnt@wikispaces.com,Female,241.219.166.218
859,Ondrea,Fahey,ofaheynu@photobucket.com,Female,129.24.65.212
860,Cheryl,Levermore,clevermorenv@mozilla.org,Female,224.23.206.249
861,Blisse,Lonnon,blonnonnw@ucoz.com,Female,97.128.213.144
862,Dayle,Petri,dpetrinx@howstuffworks.com,Female,167.170.113.210
863,Dexter,Cana,dcanany@nasa.gov,Male,25.114.94.165
864,Estel,Ayer,eayernz@wikia.com,Female,87.99.179.167
865,Cullin,Feechan,cfeechano0@plala.or.jp,Male,123.215.52.65
866,Rudd,Rentoll,rrentollo1@amazon.de,Male,63.141.154.114
867,Milo,Sawood,msawoodo2@list-manage.com,Male,238.166.94.220
868,Florenza,MacDunlevy,fmacdunlevyo3@usatoday.com,Female,108.220.112.26
869,Aryn,Mival,amivalo4@bloomberg.com,Female,255.183.111.193
870,John,Graffin,jgraffino5@amazon.co.uk,Male,60.168.61.194
871,Jessie,Shallcross,jshallcrosso6@opensource.org,Male,240.78.185.235
872,Lyndy,Belle,lbelleo7@netscape.com,Female,90.30.141.211
873,Marlo,Roggero,mroggeroo8@theglobeandmail.com,Male,197.121.249.203
874,Liam,Hammond,lhammondo9@friendfeed.com,Male,184.67.82.83
875,Josepha,MacGuiness,jmacguinessoa@rambler.ru,Female,82.93.143.204
876,Valenka,Booy,vbooyob@imageshack.us,Female,226.69.252.63
877,Stormi,Hick,shickoc@symantec.com,Female,148.104.6.143
878,Orelie,Fayerman,ofayermanod@nasa.gov,Female,195.14.82.214
879,Priscilla,Rosenkrantz,prosenkrantzoe@canalblog.com,Female,212.17.221.138
880,Chrystal,Llorente,cllorenteof@histats.com,Female,84.137.219.139
881,Pearce,Carswell,pcarswellog@flickr.com,Male,242.153.113.14
882,Betsey,Beahan,bbeahanoh@globo.com,Female,203.9.227.178
883,Jenifer,Ripper,jripperoi@last.fm,Female,178.205.183.207
884,Jany,Zmitruk,jzmitrukoj@topsy.com,Female,87.185.136.141
885,Amelie,Katte,akatteok@about.com,Female,218.137.39.248
886,Ruthy,Ciotti,rciottiol@networkadvertising.org,Female,139.240.74.184
887,Brittni,Rhydderch,brhydderchom@example.com,Female,78.54.193.117
888,Janella,Demoge,jdemogeon@usa.gov,Female,90.188.201.115
889,Juanita,Trett,jtrettoo@theguardian.com,Female,145.228.113.139
890,Pru,Ellissen,pellissenop@businessweek.com,Female,118.66.91.74
891,Tanny,Giacomasso,tgiacomassooq@sciencedirect.com,Male,240.98.79.115
892,Quinlan,Mateiko,qmateikoor@yandex.ru,Male,160.66.171.125
893,Nissie,Broxton,nbroxtonos@adobe.com,Female,253.73.248.245
894,Lorrin,Avrahamof,lavrahamofot@wufoo.com,Female,232.247.194.182
895,Aluin,Coxhead,acoxheadou@indiatimes.com,Male,109.200.146.244
896,Brynna,Wride,bwrideov@sohu.com,Female,164.251.138.74
897,Eduard,Kenworthey,ekenwortheyow@feedburner.com,Male,225.35.173.0
898,Fanya,Iverson,fiversonox@multiply.com,Female,68.137.3.110
899,Baudoin,Orth,borthoy@studiopress.com,Male,98.36.89.167
900,Lorrie,Chrichton,lchrichtonoz@soundcloud.com,Male,248.181.141.212
901,Bamby,Aldritt,baldrittp0@nydailynews.com,Female,16.200.204.154
902,Priscella,Clinch,pclinchp1@businessinsider.com,Female,20.82.54.54
903,Annaliese,Rodden,aroddenp2@pagesperso-orange.fr,Female,132.145.172.36
904,Felicle,Sighard,fsighardp3@blinklist.com,Female,237.63.133.48
905,Olivier,Ambrogi,oambrogip4@youtube.com,Male,164.159.203.190
906,Godiva,Maylard,gmaylardp5@histats.com,Female,105.105.177.89
907,Em,Wroe,ewroep6@mashable.com,Female,179.182.41.173
908,Aloysius,Magson,amagsonp7@buzzfeed.com,Male,44.115.64.198
909,Abigail,Towe,atowep8@lulu.com,Female,78.118.225.202
910,Bertie,Siman,bsimanp9@dmoz.org,Male,69.232.195.3
911,Benton,Klamp,bklamppa@surveymonkey.com,Male,88.195.149.169
912,Skipton,Dacey,sdaceypb@de.vu,Male,118.186.131.150
913,Mathilde,Cholonin,mcholoninpc@symantec.com,Female,74.18.95.176
914,Olvan,Dakers,odakerspd@bandcamp.com,Male,137.24.149.126
915,Bjorn,Adamson,badamsonpe@google.com,Male,79.94.138.151
916,Deirdre,Zamora,dzamorapf@seattletimes.com,Female,111.141.142.194
917,Nikkie,Cuttles,ncuttlespg@ocn.ne.jp,Female,83.49.165.20
918,Olympie,Learoyd,olearoydph@reference.com,Female,58.215.81.50
919,Hendrika,Scorrer,hscorrerpi@furl.net,Female,247.126.18.122
920,Merv,Bille,mbillepj@abc.net.au,Male,154.34.186.158
921,Carolin,Wolfarth,cwolfarthpk@abc.net.au,Female,24.196.129.95
922,Jethro,Edginton,jedgintonpl@ocn.ne.jp,Male,144.220.99.138
923,Aura,Hands,ahandspm@harvard.edu,Female,184.145.90.186
924,Dennie,Sproston,dsprostonpn@unblog.fr,Female,167.96.188.131
925,Ferguson,MacAllister,fmacallisterpo@go.com,Male,91.177.95.213
926,Milt,Greggs,mgreggspp@spiegel.de,Male,152.62.162.210
927,Dal,Simkovitz,dsimkovitzpq@geocities.jp,Male,156.205.75.18
928,Mord,Yushin,myushinpr@google.com.au,Male,224.213.86.170
929,Charlean,Rentenbeck,crentenbeckps@sbwire.com,Female,127.13.77.199
930,Ariel,Davidy,adavidypt@taobao.com,Male,135.188.164.245
931,Scot,Antoney,santoneypu@virginia.edu,Male,165.74.182.203
932,Rosa,Pozer,rpozerpv@ucoz.com,Female,19.254.117.149
933,Hayden,Shearstone,hshearstonepw@state.tx.us,Male,45.188.237.39
934,Ford,Bartalini,fbartalinipx@bluehost.com,Male,99.209.163.88
935,Layne,Allston,lallstonpy@fema.gov,Female,251.197.224.239
936,Isis,Kenton,ikentonpz@eepurl.com,Female,127.181.5.12
937,Cathrine,Kinsett,ckinsettq0@gravatar.com,Female,197.11.135.164
938,Cleo,Shenfish,cshenfishq1@wix.com,Female,177.66.123.168
939,Gabie,Burel,gburelq2@blogs.com,Female,48.146.252.171
940,Mead,Bellhouse,mbellhouseq3@springer.com,Male,103.137.242.250
941,Nannie,Clash,nclashq4@buzzfeed.com,Female,110.55.250.61
942,Parke,Keenlayside,pkeenlaysideq5@trellian.com,Male,251.123.99.216
943,Matilde,Flohard,mflohardq6@oaic.gov.au,Female,215.147.228.243
944,Maryellen,Box,mboxq7@gizmodo.com,Female,125.57.242.91
945,Marlie,Matresse,mmatresseq8@digg.com,Female,196.234.51.16
946,Bil,Angrove,bangroveq9@smh.com.au,Male,165.153.128.150
947,Alfonse,Duffyn,aduffynqa@dyndns.org,Male,87.2.18.215
948,Bobbee,Elecum,belecumqb@stumbleupon.com,Female,39.232.199.178
949,Lennard,Hurran,lhurranqc@bizjournals.com,Male,0.175.67.215
950,Gabie,Whitsey,gwhitseyqd@freewebs.com,Male,78.5.225.157
951,Tanny,Goffe,tgoffeqe@seesaa.net,Male,121.88.99.142
952,Julie,Rupel,jrupelqf@hibu.com,Male,53.205.193.170
953,Enid,Corsham,ecorshamqg@privacy.gov.au,Female,179.179.223.26
954,Gus,Juszczyk,gjuszczykqh@geocities.jp,Male,78.37.117.167
955,Armin,Charters,achartersqi@ning.com,Male,45.11.108.141
956,Georgiana,Alker,galkerqj@phpbb.com,Female,63.157.84.172
957,Caresa,Bachnic,cbachnicqk@noaa.gov,Female,36.150.178.193
958,Oralee,Searjeant,osearjeantql@cargocollective.com,Female,98.16.37.222
959,Olwen,Linch,olinchqm@oakley.com,Female,129.97.148.79
960,Bernadina,Blowfelde,bblowfeldeqn@acquirethisname.com,Female,158.191.93.1
961,Verina,Candy,vcandyqo@ibm.com,Female,42.224.128.232
962,Caz,Colles,ccollesqp@sciencedaily.com,Male,139.180.0.94
963,Marleen,Greenroyd,mgreenroydqq@tinyurl.com,Female,188.141.194.101
964,Dominic,Slocombe,dslocombeqr@miibeian.gov.cn,Male,19.84.197.151
965,Kasper,Fraczek,kfraczekqs@ning.com,Male,45.84.45.130
966,Jared,Chestnut,jchestnutqt@wunderground.com,Male,147.244.56.45
967,Mitchael,Boydon,mboydonqu@noaa.gov,Male,245.83.177.202
968,Osbert,Petrol,opetrolqv@toplist.cz,Male,160.211.190.123
969,Ursulina,Wrathmell,uwrathmellqw@boston.com,Female,167.88.194.149
970,Joshia,Frostdick,jfrostdickqx@tinypic.com,Male,237.91.183.248
971,Val,Schuck,vschuckqy@gravatar.com,Male,72.171.127.129
972,Launce,Gwalter,lgwalterqz@lulu.com,Male,239.160.143.124
973,Ottilie,Bartolini,obartolinir0@sakura.ne.jp,Female,194.250.11.255
974,Theressa,Hopewell,thopewellr1@bigcartel.com,Female,204.85.220.131
975,Rossie,Machon,rmachonr2@artisteer.com,Male,14.174.19.121
976,Ciro,Tremblay,ctremblayr3@creativecommons.org,Male,109.132.146.74
977,Wilma,Rolles,wrollesr4@oracle.com,Female,229.70.150.168
978,Rudolph,Hawkshaw,rhawkshawr5@msu.edu,Male,182.187.102.44
979,Hastie,Pearcehouse,hpearcehouser6@xinhuanet.com,Male,160.30.140.92
980,Emmeline,Pencott,epencottr7@globo.com,Female,235.213.90.86
981,Aristotle,Noe,anoer8@indiegogo.com,Male,34.141.76.109
982,Samantha,Cashley,scashleyr9@princeton.edu,Female,182.92.105.65
983,Tiebout,Cutchee,tcutcheera@ft.com,Male,13.82.112.93
984,Ulrich,Jedraszek,ujedraszekrb@gravatar.com,Male,157.109.216.196
985,Aldon,Giorio,agioriorc@digg.com,Male,121.173.6.235
986,Alanson,Lince,alincerd@themeforest.net,Male,9.190.99.30
987,Alvina,Pavier,apavierre@digg.com,Female,95.222.163.64
988,Hershel,Benkhe,hbenkherf@infoseek.co.jp,Male,46.204.155.232
989,Jobina,Laite,jlaiterg@nifty.com,Female,19.218.228.188
990,Ardys,Cholonin,acholoninrh@yale.edu,Female,29.152.122.24
991,Olivier,Witherington,owitheringtonri@psu.edu,Male,50.114.181.207
992,Bengt,Nanson,bnansonrj@businessweek.com,Male,10.124.203.91
993,Artur,Arkley,aarkleyrk@pagesperso-orange.fr,Male,54.217.34.44
994,Lurette,Kruger,lkrugerrl@example.com,Female,12.69.3.100
995,Gonzalo,Overpool,goverpoolrm@umn.edu,Male,35.107.184.102
996,Kipp,Layne,klaynern@redcross.org,Female,142.195.150.81
997,Carrol,Garham,cgarhamro@smugmug.com,Male,3.79.250.150
998,Alecia,Bwy,abwyrp@indiatimes.com,Female,239.10.74.149
999,Dannye,O'Feeney,dofeeneyrq@bloomberg.com,Female,114.249.224.151
1000,Helyn,Fynn,hfynnrr@noaa.gov,Female,227.23.67.101
